{
  "config": {
    "p": 13,
    "embedding_dim": 8,
    "hidden": 24,
    "epochs": 400,
    "val_eval_every": 50
  },
  "part_a_fidelity": {
    "dlg": {
      "fidelity": {
        "commutativity": {
          "mean": 0.8558219918362606,
          "std": 0.22706447859745912,
          "n": 59
        },
        "identity": {
          "mean": 0.9984484279246175,
          "std": 0.002450757892106108,
          "n": 13
        },
        "overall": {
          "mean": 0.8815739872411029,
          "std": 0.2127439271253394,
          "n": 72
        }
      },
      "sparsity": 0.0195578231292517,
      "train_seconds": 206.4804563522339
    },
    "mlp_baseline": {
      "fidelity": {
        "commutativity": {
          "mean": 0.8359193536708991,
          "std": 0.2521407738257704,
          "n": 59
        },
        "identity": {
          "mean": 0.5110357638891676,
          "std": 0.3537992342031578,
          "n": 13
        },
        "overall": {
          "mean": 0.7772598166269754,
          "std": 0.3005221759360829,
          "n": 72
        }
      },
      "sparsity": 0.002551020408163265,
      "train_seconds": 93.18626666069031
    },
    "ltn_baseline": {
      "fidelity": {
        "commutativity": {
          "mean": 0.8536121916294827,
          "std": 0.1768931565099576,
          "n": 59
        },
        "identity": {
          "mean": 0.9954109958327059,
          "std": 0.005572533655297633,
          "n": 13
        },
        "overall": {
          "mean": 0.8792147534995091,
          "std": 0.1691801381292682,
          "n": 72
        }
      },
      "sparsity": 0.0017006802721088435,
      "train_seconds": 212.5415530204773
    }
  },
  "part_b_gamma_sweep": {
    "gamma_0.0001": {
      "gamma_l1": 0.0001,
      "fidelity_overall": {
        "mean": 0.8815739872411029,
        "std": 0.2127439271253394,
        "n": 72
      },
      "sparsity": 0.0195578231292517,
      "train_seconds": 216.5559275150299
    },
    "gamma_0.001": {
      "gamma_l1": 0.001,
      "fidelity_overall": {
        "mean": 0.8570115791697117,
        "std": 0.21498787847642306,
        "n": 72
      },
      "sparsity": 0.34438775510204084,
      "train_seconds": 214.72332859039307
    },
    "gamma_0.01": {
      "gamma_l1": 0.01,
      "fidelity_overall": {
        "mean": 0.8196571221366912,
        "std": 0.1043648692973489,
        "n": 72
      },
      "sparsity": 0.8027210884353742,
      "train_seconds": 212.42595648765564
    },
    "gamma_0.1": {
      "gamma_l1": 0.1,
      "fidelity_overall": {
        "mean": 0.7299130351414376,
        "std": 0.0626286082602493,
        "n": 72
      },
      "sparsity": 0.8231292517006803,
      "train_seconds": 217.94839596748352
    }
  }
}